{
  "accuracy": 0.8277945619335,
  "f1_score": 0.9394007777111,
  "eer_percent": 10.185978291661,
  "confusion_matrix": [
    [
      1946,
      318
    ],
    [
      480,
      1890
    ]
  ],
  "per_class_accuracy": {
    "Genuine": 0.8595406360424,
    "Deepfake": 0.7974683544303
  },
  "best_val_loss": 0.12359122522927408,
  "best_val_acc": 0.9991665123170957,
  "epochs_trained": 18
}