{
  "accuracy": 0.8236944324557,
  "f1_score": 0.7924509886920,
  "eer_percent": 10.185978291661,
  "confusion_matrix": [
    [
      2257,
      7
    ],
    [
      810,
      1560
    ]
  ],
  "per_class_accuracy": {
    "Genuine": 0.9969081272084,
    "Deepfake": 0.6582278481012
  },
  "best_val_loss": 0.12359122522927408,
  "best_val_acc": 0.9991665123170957,
  "epochs_trained": 18
}